<?xml version="1.0" encoding="UTF-8"?>
<package xmlns="http://pear.php.net/dtd/package-2.1" xmlns:tasks="http://pear.php.net/dtd/tasks-1.0" xmlns:xsi="http://www.w3.org/2001/XMLSchema-instance" version="2.1" xsi:schemaLocation="http://pear.php.net/dtd/tasks-1.0     http://pear.php.net/dtd/tasks-1.0.xsd     http://pear.php.net/dtd/package-2.1     http://pear.php.net/dtd/package-2.1.xsd" packagerversion="2.0.0a1">
 <name>PEAR2_SimpleChannelFrontend</name>
 <channel>pear2.php.net</channel>
 <summary>A simple PEAR channel frontend that does not require a database.
</summary>
 <description>
This package provides a simple frontend to a PEAR channel.</description>
 <lead>
  <name>Brett Bieber</name>
  <user>saltybeagle</user>
  <email>saltybeagle@php.net</email>
  <active>yes</active>
 </lead>
 <date>2009-12-04</date>
 <time>16:55:59</time>
 <version>
  <release>0.1.0</release>
  <api>0.1.0</api>
 </version>
 <stability>
  <release>alpha</release>
  <api>alpha</api>
 </stability>
 <license uri="http://www.opensource.org/licenses/bsd-license.php">New BSD License</license>
 <notes>Package PEAR2_SimpleChannelFrontend release notes for version 0.1.0.

Basic features:
* Customizable News page
* Package pages with download links
* Category listing

Package PEAR2_SimpleChannelFrontend API release notes for version 0.1.0.</notes>
 <contents>
  <dir name="/">
   <file role="www" name="www/PEAR2_SimpleChannelFrontend/pear2.php.net/templates/UnregisteredViewException.tpl.php"/>
   <file role="www" name="www/PEAR2_SimpleChannelFrontend/pear2.php.net/templates/PackageList.tpl.php"/>
   <file role="www" name="www/PEAR2_SimpleChannelFrontend/pear2.php.net/templates/Package.tpl.php"/>
   <file role="www" name="www/PEAR2_SimpleChannelFrontend/pear2.php.net/templates/News.tpl.php"/>
   <file role="www" name="www/PEAR2_SimpleChannelFrontend/pear2.php.net/templates/Main.tpl.php"/>
   <file role="www" name="www/PEAR2_SimpleChannelFrontend/pear2.php.net/templates/Categories.tpl.php"/>
   <file role="www" name="www/PEAR2_SimpleChannelFrontend/pear2.php.net/sample.htaccess"/>
   <file role="www" name="www/PEAR2_SimpleChannelFrontend/pear2.php.net/index.php"/>
   <file role="www" name="www/PEAR2_SimpleChannelFrontend/pear2.php.net/css/text.css"/>
   <file role="www" name="www/PEAR2_SimpleChannelFrontend/pear2.php.net/css/scf.css"/>
   <file role="www" name="www/PEAR2_SimpleChannelFrontend/pear2.php.net/css/reset.css"/>
   <file role="www" name="www/PEAR2_SimpleChannelFrontend/pear2.php.net/css/images/header.png"/>
   <file role="www" name="www/PEAR2_SimpleChannelFrontend/pear2.php.net/css/all.css"/>
   <file role="www" name="www/PEAR2_SimpleChannelFrontend/pear2.php.net/css/960.css"/>
   <file role="www" name="www/PEAR2_SimpleChannelFrontend/pear2.php.net/config.sample.php"/>
   <file role="php" name="php/pear2/SimpleChannelFrontend/UnregisteredViewException.php"/>
   <file role="php" name="php/pear2/SimpleChannelFrontend/TemplateMapper.php"/>
   <file role="php" name="php/pear2/SimpleChannelFrontend/PackageList.php"/>
   <file role="php" name="php/pear2/SimpleChannelFrontend/Package.php"/>
   <file role="php" name="php/pear2/SimpleChannelFrontend/News.php"/>
   <file role="php" name="php/pear2/SimpleChannelFrontend/Main.php"/>
   <file role="php" name="php/pear2/SimpleChannelFrontend/Internet.php"/>
   <file role="php" name="php/pear2/SimpleChannelFrontend/Exception.php"/>
   <file role="php" name="php/pear2/SimpleChannelFrontend/Categories.php"/>
  </dir>
 </contents>
 <dependencies>
  <required>
   <php>
    <min>5.2.0</min>
   </php>
   <pearinstaller>
    <min>2.0.0a1</min>
   </pearinstaller>
   <package>
    <name>PEAR2_Pyrus</name>
    <channel>pear2.php.net</channel>
   </package>
   <package>
    <name>PEAR2_Templates_Savant</name>
    <channel>pear2.php.net</channel>
   </package>
  </required>
 </dependencies>
 <phprelease/>
</package>
