<?xml version="1.0" encoding="UTF-8"?>
<phpdoc>
    <title>PEAR2_Console_Color documentation</title>
    <parser>
        <default-package-name>PEAR2_Console_Color</default-package-name>
        <target>PEAR2_Console_Color__PhpDocumentor_Cache</target>
        <extensions>
            <extension>php</extension>
        </extensions>
    </parser>
    <files>
        <directory>../src/PEAR2/Console/Color/</directory>
        <file>../src/PEAR2/Console/Color.php</file>
    </files>
    <transformer>
        <target>PEAR2_Console_Color__PhpDocumentor_Documentation</target>
    </transformer>
</phpdoc>