<?xml version="1.0" encoding="UTF-8"?>
<package xmlns="http://pear.php.net/dtd/package-2.1" xmlns:tasks="http://pear.php.net/dtd/tasks-1.0" xmlns:xsi="http://www.w3.org/2001/XMLSchema-instance" version="2.1" xsi:schemaLocation="http://pear.php.net/dtd/tasks-1.0     http://pear.php.net/dtd/tasks-1.0.xsd     http://pear.php.net/dtd/package-2.1     http://pear.php.net/dtd/package-2.1.xsd" packagerversion="2.0.0">
 <name>PEAR2_Templates_Savant_Turbo</name>
 <channel>pear2.php.net</channel>
 <summary>A simple caching output controller for Savant
</summary>
 <description>
Savant output can be cached for faster rendering. PEAR2_Templates_Savant_Turbo
allows rendered content to be cached, and reused for subsequent requests.
For basic use, instead of creating a new `PEAR2\Templates\Savant\Main` object,
create a `PEAR2\Templates\Savant\Turbo` object. In models you'd like to have
cached, implement the `CacheableInterface`.
</description>
 <lead>
  <name>Brett Bieber</name>
  <user>saltybeagle</user>
  <email>brett.bieber@gmail.com</email>
  <active>yes</active>
 </lead>
 <date>2011-05-12</date>
 <time>08:40:22</time>
 <version>
  <release>0.1.0</release>
  <api>0.1.0</api>
 </version>
 <stability>
  <release>alpha</release>
  <api>alpha</api>
 </stability>
 <license uri="http://www.opensource.org/licenses/bsd-license.php">New BSD License</license>
 <notes>Package PEAR2_Templates_Savant_Turbo release notes for version 0.1.0:

 - Basic functionality
 - Two cache drivers are included
   - PEAR2_Cache_Lite, and a Mock driver

Package  API release notes for version 0.1.0.</notes>
 <contents>
  <dir name="/">
   <file role="php" name="php/PEAR2/Templates/Savant/Turbo/PostRunReplacements.php"/>
   <file role="php" name="php/PEAR2/Templates/Savant/Turbo/Main.php"/>
   <file role="php" name="php/PEAR2/Templates/Savant/Turbo/CacheInterface/Mock.php"/>
   <file role="php" name="php/PEAR2/Templates/Savant/Turbo/CacheInterface/CacheLite.php"/>
   <file role="php" name="php/PEAR2/Templates/Savant/Turbo/CacheInterface.php"/>
   <file role="php" name="php/PEAR2/Templates/Savant/Turbo/CacheableInterface.php"/>
   <file role="doc" name="doc/pear2.php.net/PEAR2_Templates_Savant_Turbo/examples/examples/CacheableObject.tpl.php"/>
   <file role="doc" name="doc/pear2.php.net/PEAR2_Templates_Savant_Turbo/examples/examples/basic.php"/>
  </dir>
 </contents>
 <dependencies>
  <required>
   <php>
    <min>5.3.2</min>
   </php>
   <pearinstaller>
    <min>2.0.0a1</min>
   </pearinstaller>
   <package>
    <name>PEAR2_Cache_Lite</name>
    <channel>pear2.php.net</channel>
   </package>
   <package>
    <name>PEAR2_Templates_Savant</name>
    <channel>pear2.php.net</channel>
   </package>
  </required>
 </dependencies>
 <phprelease/>
</package>
